[{"text":"\u4f60\u597d\u554a","timestamp":"2024-08-28 19:19:36"},{"text":"\u662f\u662f\u662f","timestamp":"2024-08-28 19:19:44"},{"text":"111","timestamp":"2024-08-28 19:19:53"},{"text":"221","timestamp":"2024-08-28 19:43:41"},{"text":"1","timestamp":"2024-08-28 22:26:54"},{"text":"\u5730\u65b9","timestamp":"2024-08-28 22:45:22"},{"text":"s","timestamp":"2024-08-28 22:45:37"},{"text":"s","timestamp":"2024-08-28 22:45:37"},{"text":"\u55ef\u55ef","timestamp":"2024-08-28 22:51:47"},{"text":"\u5927\u5927\u5927\u5927","timestamp":"2024-08-28 23:09:26"},{"text":"11","timestamp":"2024-08-29 08:37:29"},{"text":"22","timestamp":"2024-08-29 08:37:31"},{"text":"23","timestamp":"2024-08-29 08:37:36"},{"text":"dd","timestamp":"2024-08-29 08:37:49"},{"text":"dd","timestamp":"2024-08-29 10:35:34"},{"text":"dd","timestamp":"2024-08-29 10:35:36"},{"text":"dgfd","timestamp":"2024-08-29 10:35:38"},{"text":"dd","timestamp":"2024-08-29 10:52:31"}]